{"cameraMode":{"drawMode":0,"name":"Shaded","section":"Shading Mode"},"sceneLighting":true,"audioPlay":false,"sceneViewState":{"showFog":true,"showMaterialUpdate":false,"showSkybox":true,"showFlares":true,"showImageEffects":true,"showParticleSystems":true},"in2DMode":false,"pivot":{"x":-5.2775959968566898,"y":-5.374392032623291,"z":4.552768707275391},"rotation":{"x":-0.033302418887615207,"y":0.008092693984508515,"z":-0.00026964154676534235,"w":-0.9994121193885803},"size":47.300140380859378,"orthographic":false}